<?xml version="1.0" encoding="UTF-8"?>
<project-private xmlns="http://www.netbeans.org/ns/project-private/1">
    <editor-bookmarks xmlns="http://www.netbeans.org/ns/editor-bookmarks/2" lastBookmarkId="0"/>
    <open-files xmlns="http://www.netbeans.org/ns/projectui-open-files/2">
        <group>
            <file>file:/F:/VNSGU/SEM-3/303/ServlettQ1/src/java/SaveServlet.java</file>
            <file>file:/F:/VNSGU/SEM-3/303/ServlettQ1/src/java/insert.java</file>
            <file>file:/F:/VNSGU/SEM-3/303/ServlettQ1/src/java/UpdateServlet.java</file>
            <file>file:/F:/VNSGU/SEM-3/303/ServlettQ1/src/java/UpdateServlet2.java</file>
            <file>file:/F:/VNSGU/SEM-3/303/ServlettQ1/src/java/DeleteServlet.java</file>
            <file>file:/F:/VNSGU/SEM-3/303/ServlettQ1/src/java/ViewServlet.java</file>
            <file>file:/F:/VNSGU/SEM-3/303/ServlettQ1/web/index.html</file>
            <file>file:/F:/VNSGU/SEM-3/303/ServlettQ1/src/java/Employee.java</file>
        </group>
    </open-files>
</project-private>
